comuna,anio,sexo,homicidios,dato_dudoso
1,1993,F,2,0
1,1993,M,37,0
1,1994,F,,0
1,1994,M,52,0
1,1995,F,1,0
1,1995,M,42,0
1,1996,F,3,0
1,1996,M,32,0
1,1997,F,3,0
1,1997,M,27,0
1,1998,F,1,0
1,1998,M,20,0
1,1999,F,3,0
1,1999,M,21,0
1,2000,F,2,0
1,2000,M,48,0
1,2001,F,5,0
1,2001,M,36,0
1,2002,F,1,0
1,2002,M,28,0
1,2003,F,,0
1,2003,M,46,0
1,2004,F,1,0
1,2004,M,45,0
1,2005,F,1,0
1,2005,M,24,0
1,2006,F,3,0
1,2006,M,24,0
1,2007,F,2,0
1,2007,M,24,0
1,2008,F,,0
1,2008,M,27,0
1,2009,F,1,0
1,2009,M,45,0
1,2010,F,5,0
1,2010,M,49,0
1,2011,F,2,0
1,2011,M,45,0
1,2012,F,1,0
1,2012,M,40,0
1,2013,F,5,0
1,2013,M,49,0
1,2014,F,3,0
1,2014,M,36,0
1,2015,F,,0
1,2015,M,27,0
1,2016,F,1,0
1,2016,M,26,0
1,2017,F,2,0
1,2017,M,13,0
1,2018,F,,0
1,2018,M,9,0
1,2019,F,3,1
1,2019,M,21,1
1,2020,F,1,1
1,2020,M,19,1
1,2021,F,2,1
1,2021,M,21,1
2,1993,F,4,0
2,1993,M,67,0
2,1994,F,8,0
2,1994,M,70,0
2,1995,F,9,0
2,1995,M,49,0
2,1996,F,4,0
2,1996,M,91,0
2,1997,F,8,0
2,1997,M,47,0
2,1998,F,3,0
2,1998,M,67,0
2,1999,F,6,0
2,1999,M,80,0
2,2000,F,4,0
2,2000,M,65,0
2,2001,F,4,0
2,2001,M,41,0
2,2002,F,8,0
2,2002,M,58,0
2,2003,F,3,0
2,2003,M,52,0
2,2004,F,6,0
2,2004,M,58,0
2,2005,F,5,0
2,2005,M,45,0
2,2006,F,4,0
2,2006,M,47,0
2,2007,F,3,0
2,2007,M,36,0
2,2008,F,5,0
2,2008,M,45,0
2,2009,F,9,0
2,2009,M,40,0
2,2010,F,4,0
2,2010,M,46,0
2,2011,F,3,0
2,2011,M,23,0
2,2012,F,4,0
2,2012,M,34,0
2,2013,F,,0
2,2013,M,29,0
2,2014,F,3,0
2,2014,M,30,0
2,2015,F,,0
2,2015,M,26,0
2,2016,F,4,0
2,2016,M,29,0
2,2017,F,5,0
2,2017,M,27,0
2,2018,F,3,0
2,2018,M,22,0
2,2019,F,2,1
2,2019,M,52,1
2,2020,F,4,1
2,2020,M,42,1
2,2021,F,6,1
2,2021,M,48,1
3,1993,F,8,0
3,1993,M,98,0
3,1994,F,10,0
3,1994,M,135,0
3,1995,F,17,0
3,1995,M,67,0
3,1996,F,12,0
3,1996,M,80,0
3,1997,F,7,0
3,1997,M,80,0
3,1998,F,4,0
3,1998,M,76,0
3,1999,F,7,0
3,1999,M,76,0
3,2000,F,5,0
3,2000,M,75,0
3,2001,F,7,0
3,2001,M,77,0
3,2002,F,9,0
3,2002,M,69,0
3,2003,F,5,0
3,2003,M,78,0
3,2004,F,5,0
3,2004,M,64,0
3,2005,F,8,0
3,2005,M,67,0
3,2006,F,2,0
3,2006,M,52,0
3,2007,F,6,0
3,2007,M,52,0
3,2008,F,6,0
3,2008,M,47,0
3,2009,F,6,0
3,2009,M,58,0
3,2010,F,7,0
3,2010,M,57,0
3,2011,F,5,0
3,2011,M,39,0
3,2012,F,6,0
3,2012,M,39,0
3,2013,F,4,0
3,2013,M,36,0
3,2014,F,6,0
3,2014,M,32,0
3,2015,F,1,0
3,2015,M,40,0
3,2016,F,5,0
3,2016,M,37,0
3,2017,F,4,0
3,2017,M,33,0
3,2018,F,6,0
3,2018,M,40,0
3,2019,F,15,1
3,2019,M,75,1
3,2020,F,15,1
3,2020,M,72,1
3,2021,F,9,1
3,2021,M,138,1
4,1993,F,6,0
4,1993,M,56,0
4,1994,F,5,0
4,1994,M,93,0
4,1995,F,10,0
4,1995,M,75,0
4,1996,F,2,0
4,1996,M,75,0
4,1997,F,3,0
4,1997,M,58,0
4,1998,F,1,0
4,1998,M,66,0
4,1999,F,4,0
4,1999,M,109,0
4,2000,F,3,0
4,2000,M,81,0
4,2001,F,5,0
4,2001,M,76,0
4,2002,F,10,0
4,2002,M,76,0
4,2003,F,1,0
4,2003,M,78,0
4,2004,F,5,0
4,2004,M,75,0
4,2005,F,4,0
4,2005,M,56,0
4,2006,F,2,0
4,2006,M,72,0
4,2007,F,4,0
4,2007,M,43,0
4,2008,F,3,0
4,2008,M,42,0
4,2009,F,2,0
4,2009,M,71,0
4,2010,F,5,0
4,2010,M,36,0
4,2011,F,5,0
4,2011,M,51,0
4,2012,F,3,0
4,2012,M,46,0
4,2013,F,4,0
4,2013,M,41,0
4,2014,F,1,0
4,2014,M,31,0
4,2015,F,2,0
4,2015,M,33,0
4,2016,F,1,0
4,2016,M,30,0
4,2017,F,3,0
4,2017,M,25,0
4,2018,F,,0
4,2018,M,22,0
4,2019,F,12,1
4,2019,M,68,1
4,2020,F,12,1
4,2020,M,96,1
4,2021,F,,1
4,2021,M,76,1
5,1993,F,,0
5,1993,M,28,0
5,1994,F,3,0
5,1994,M,28,0
5,1995,F,2,0
5,1995,M,25,0
5,1996,F,3,0
5,1996,M,20,0
5,1997,F,1,0
5,1997,M,21,0
5,1998,F,1,0
5,1998,M,21,0
5,1999,F,2,0
5,1999,M,41,0
5,2000,F,3,0
5,2000,M,38,0
5,2001,F,3,0
5,2001,M,24,0
5,2002,F,2,0
5,2002,M,20,0
5,2003,F,6,0
5,2003,M,38,0
5,2004,F,7,0
5,2004,M,42,0
5,2005,F,2,0
5,2005,M,23,0
5,2006,F,3,0
5,2006,M,24,0
5,2007,F,3,0
5,2007,M,22,0
5,2008,F,2,0
5,2008,M,24,0
5,2009,F,3,0
5,2009,M,24,0
5,2010,F,3,0
5,2010,M,20,0
5,2011,F,2,0
5,2011,M,21,0
5,2012,F,1,0
5,2012,M,35,0
5,2013,F,1,0
5,2013,M,18,0
5,2014,F,,0
5,2014,M,20,0
5,2015,F,1,0
5,2015,M,18,0
5,2016,F,,0
5,2016,M,18,0
5,2017,F,1,0
5,2017,M,11,0
5,2018,F,1,0
5,2018,M,10,0
5,2019,F,15,1
5,2019,M,75,1
5,2020,F,10,1
5,2020,M,60,1
5,2021,F,5,1
5,2021,M,105,1
6,1993,F,11,0
6,1993,M,92,0
6,1994,F,4,0
6,1994,M,125,0
6,1995,F,9,0
6,1995,M,136,0
6,1996,F,7,0
6,1996,M,95,0
6,1997,F,6,0
6,1997,M,85,0
6,1998,F,1,0
6,1998,M,86,0
6,1999,F,9,0
6,1999,M,94,0
6,2000,F,3,0
6,2000,M,82,0
6,2001,F,6,0
6,2001,M,88,0
6,2002,F,5,0
6,2002,M,109,0
6,2003,F,12,0
6,2003,M,94,0
6,2004,F,6,0
6,2004,M,112,0
6,2005,F,9,0
6,2005,M,67,0
6,2006,F,3,0
6,2006,M,60,0
6,2007,F,1,0
6,2007,M,73,0
6,2008,F,6,0
6,2008,M,62,0
6,2009,F,2,0
6,2009,M,125,0
6,2010,F,2,0
6,2010,M,127,0
6,2011,F,9,0
6,2011,M,99,0
6,2012,F,5,0
6,2012,M,112,0
6,2013,F,15,0
6,2013,M,145,0
6,2014,F,5,0
6,2014,M,84,0
6,2015,F,8,0
6,2015,M,66,0
6,2016,F,3,0
6,2016,M,67,0
6,2017,F,5,0
6,2017,M,58,0
6,2018,F,4,0
6,2018,M,79,0
6,2019,F,6,1
6,2019,M,396,1
6,2020,F,18,1
6,2020,M,258,1
6,2021,F,18,1
6,2021,M,414,1
7,1993,F,5,0
7,1993,M,61,0
7,1994,F,8,0
7,1994,M,88,0
7,1995,F,6,0
7,1995,M,83,0
7,1996,F,7,0
7,1996,M,96,0
7,1997,F,4,0
7,1997,M,83,0
7,1998,F,6,0
7,1998,M,99,0
7,1999,F,4,0
7,1999,M,98,0
7,2000,F,6,0
7,2000,M,61,0
7,2001,F,2,0
7,2001,M,65,0
7,2002,F,6,0
7,2002,M,112,0
7,2003,F,4,0
7,2003,M,99,0
7,2004,F,4,0
7,2004,M,121,0
7,2005,F,3,0
7,2005,M,108,0
7,2006,F,5,0
7,2006,M,81,0
7,2007,F,8,0
7,2007,M,47,0
7,2008,F,,0
7,2008,M,42,0
7,2009,F,4,0
7,2009,M,47,0
7,2010,F,6,0
7,2010,M,63,0
7,2011,F,1,0
7,2011,M,47,0
7,2012,F,6,0
7,2012,M,56,0
7,2013,F,6,0
7,2013,M,54,0
7,2014,F,5,0
7,2014,M,47,0
7,2015,F,4,0
7,2015,M,37,0
7,2016,F,4,0
7,2016,M,40,0
7,2017,F,5,0
7,2017,M,39,0
7,2018,F,,0
7,2018,M,38,0
7,2019,F,,1
7,2019,M,231,1
7,2020,F,28,1
7,2020,M,301,1
7,2021,F,28,1
7,2021,M,280,1
8,1993,F,8,0
8,1993,M,103,0
8,1994,F,7,0
8,1994,M,89,0
8,1995,F,13,0
8,1995,M,101,0
8,1996,F,8,0
8,1996,M,88,0
8,1997,F,12,0
8,1997,M,91,0
8,1998,F,4,0
8,1998,M,104,0
8,1999,F,11,0
8,1999,M,102,0
8,2000,F,7,0
8,2000,M,103,0
8,2001,F,13,0
8,2001,M,114,0
8,2002,F,7,0
8,2002,M,112,0
8,2003,F,5,0
8,2003,M,96,0
8,2004,F,4,0
8,2004,M,123,0
8,2005,F,13,0
8,2005,M,79,0
8,2006,F,5,0
8,2006,M,78,0
8,2007,F,6,0
8,2007,M,64,0
8,2008,F,3,0
8,2008,M,55,0
8,2009,F,7,0
8,2009,M,63,0
8,2010,F,5,0
8,2010,M,50,0
8,2011,F,6,0
8,2011,M,60,0
8,2012,F,3,0
8,2012,M,85,0
8,2013,F,2,0
8,2013,M,58,0
8,2014,F,4,0
8,2014,M,41,0
8,2015,F,4,0
8,2015,M,53,0
8,2016,F,5,0
8,2016,M,43,0
8,2017,F,2,0
8,2017,M,36,0
8,2018,F,4,0
8,2018,M,47,0
8,2019,F,24,1
8,2019,M,336,1
8,2020,F,16,1
8,2020,M,224,1
8,2021,F,8,1
8,2021,M,240,1
9,1993,F,16,0
9,1993,M,97,0
9,1994,F,12,0
9,1994,M,109,0
9,1995,F,10,0
9,1995,M,81,0
9,1996,F,8,0
9,1996,M,125,0
9,1997,F,7,0
9,1997,M,68,0
9,1998,F,9,0
9,1998,M,77,0
9,1999,F,9,0
9,1999,M,96,0
9,2000,F,1,0
9,2000,M,109,0
9,2001,F,11,0
9,2001,M,76,0
9,2002,F,16,0
9,2002,M,74,0
9,2003,F,4,0
9,2003,M,107,0
9,2004,F,10,0
9,2004,M,87,0
9,2005,F,7,0
9,2005,M,79,0
9,2006,F,10,0
9,2006,M,57,0
9,2007,F,2,0
9,2007,M,60,0
9,2008,F,4,0
9,2008,M,47,0
9,2009,F,3,0
9,2009,M,57,0
9,2010,F,1,0
9,2010,M,55,0
9,2011,F,3,0
9,2011,M,62,0
9,2012,F,2,0
9,2012,M,45,0
9,2013,F,3,0
9,2013,M,56,0
9,2014,F,4,0
9,2014,M,58,0
9,2015,F,4,0
9,2015,M,44,0
9,2016,F,6,0
9,2016,M,41,0
9,2017,F,5,0
9,2017,M,48,0
9,2018,F,3,0
9,2018,M,41,0
9,2019,F,36,1
9,2019,M,351,1
9,2020,F,36,1
9,2020,M,252,1
9,2021,F,54,1
9,2021,M,333,1
10,1993,F,6,0
10,1993,M,93,0
10,1994,F,11,0
10,1994,M,120,0
10,1995,F,10,0
10,1995,M,86,0
10,1996,F,7,0
10,1996,M,106,0
10,1997,F,7,0
10,1997,M,67,0
10,1998,F,4,0
10,1998,M,81,0
10,1999,F,8,0
10,1999,M,118,0
10,2000,F,9,0
10,2000,M,125,0
10,2001,F,7,0
10,2001,M,103,0
10,2002,F,4,0
10,2002,M,107,0
10,2003,F,12,0
10,2003,M,126,0
10,2004,F,10,0
10,2004,M,114,0
10,2005,F,5,0
10,2005,M,77,0
10,2006,F,3,0
10,2006,M,56,0
10,2007,F,5,0
10,2007,M,54,0
10,2008,F,5,0
10,2008,M,39,0
10,2009,F,1,0
10,2009,M,63,0
10,2010,F,2,0
10,2010,M,61,0
10,2011,F,5,0
10,2011,M,68,0
10,2012,F,2,0
10,2012,M,57,0
10,2013,F,7,0
10,2013,M,58,0
10,2014,F,3,0
10,2014,M,47,0
10,2015,F,3,0
10,2015,M,32,0
10,2016,F,,0
10,2016,M,39,0
10,2017,F,1,0
10,2017,M,35,0
10,2018,F,2,0
10,2018,M,44,0
10,2019,F,20,1
10,2019,M,330,1
10,2020,F,70,1
10,2020,M,480,1
10,2021,F,20,1
10,2021,M,270,1
11,1993,F,1,0
11,1993,M,105,0
11,1994,F,7,0
11,1994,M,101,0
11,1995,F,4,0
11,1995,M,86,0
11,1996,F,7,0
11,1996,M,86,0
11,1997,F,5,0
11,1997,M,88,0
11,1998,F,8,0
11,1998,M,89,0
11,1999,F,7,0
11,1999,M,97,0
11,2000,F,4,0
11,2000,M,109,0
11,2001,F,5,0
11,2001,M,86,0
11,2002,F,2,0
11,2002,M,81,0
11,2003,F,7,0
11,2003,M,67,0
11,2004,F,5,0
11,2004,M,107,0
11,2005,F,5,0
11,2005,M,69,0
11,2006,F,4,0
11,2006,M,53,0
11,2007,F,10,0
11,2007,M,77,0
11,2008,F,3,0
11,2008,M,62,0
11,2009,F,3,0
11,2009,M,85,0
11,2010,F,6,0
11,2010,M,92,0
11,2011,F,7,0
11,2011,M,71,0
11,2012,F,4,0
11,2012,M,53,0
11,2013,F,5,0
11,2013,M,76,0
11,2014,F,2,0
11,2014,M,34,0
11,2015,F,4,0
11,2015,M,38,0
11,2016,F,5,0
11,2016,M,49,0
11,2017,F,4,0
11,2017,M,45,0
11,2018,F,5,0
11,2018,M,34,0
11,2019,F,11,1
11,2019,M,418,1
11,2020,F,44,1
11,2020,M,550,1
11,2021,F,11,1
11,2021,M,605,1
12,1993,F,6,0
12,1993,M,73,0
12,1994,F,6,0
12,1994,M,81,0
12,1995,F,4,0
12,1995,M,73,0
12,1996,F,4,0
12,1996,M,60,0
12,1997,F,3,0
12,1997,M,70,0
12,1998,F,2,0
12,1998,M,71,0
12,1999,F,4,0
12,1999,M,77,0
12,2000,F,4,0
12,2000,M,62,0
12,2001,F,6,0
12,2001,M,78,0
12,2002,F,2,0
12,2002,M,68,0
12,2003,F,4,0
12,2003,M,107,0
12,2004,F,4,0
12,2004,M,107,0
12,2005,F,3,0
12,2005,M,56,0
12,2006,F,6,0
12,2006,M,53,0
12,2007,F,6,0
12,2007,M,62,0
12,2008,F,3,0
12,2008,M,68,0
12,2009,F,3,0
12,2009,M,52,0
12,2010,F,5,0
12,2010,M,65,0
12,2011,F,4,0
12,2011,M,77,0
12,2012,F,6,0
12,2012,M,75,0
12,2013,F,6,0
12,2013,M,95,0
12,2014,F,2,0
12,2014,M,41,0
12,2015,F,2,0
12,2015,M,58,0
12,2016,F,,0
12,2016,M,38,0
12,2017,F,3,0
12,2017,M,30,0
12,2018,F,,0
12,2018,M,40,0
12,2019,F,12,1
12,2019,M,396,1
12,2020,F,36,1
12,2020,M,468,1
12,2021,F,48,1
12,2021,M,420,1
13,1993,F,11,0
13,1993,M,177,0
13,1994,F,20,0
13,1994,M,169,0
13,1995,F,10,0
13,1995,M,162,0
13,1996,F,4,0
13,1996,M,155,0
13,1997,F,11,0
13,1997,M,108,0
13,1998,F,7,0
13,1998,M,122,0
13,1999,F,8,0
13,1999,M,135,0
13,2000,F,4,0
13,2000,M,135,0
13,2001,F,9,0
13,2001,M,186,0
13,2002,F,9,0
13,2002,M,167,0
13,2003,F,10,0
13,2003,M,175,0
13,2004,F,14,0
13,2004,M,178,0
13,2005,F,5,0
13,2005,M,122,0
13,2006,F,6,0
13,2006,M,168,0
13,2007,F,12,0
13,2007,M,172,0
13,2008,F,10,0
13,2008,M,166,0
13,2009,F,7,0
13,2009,M,195,0
13,2010,F,10,0
13,2010,M,222,0
13,2011,F,10,0
13,2011,M,184,0
13,2012,F,6,0
13,2012,M,193,0
13,2013,F,9,0
13,2013,M,206,0
13,2014,F,12,0
13,2014,M,160,0
13,2015,F,10,0
13,2015,M,112,0
13,2016,F,12,0
13,2016,M,131,0
13,2017,F,11,0
13,2017,M,127,0
13,2018,F,9,0
13,2018,M,95,0
13,2019,F,26,1
13,2019,M,1261,1
13,2020,F,78,1
13,2020,M,1287,1
13,2021,F,65,1
13,2021,M,1547,1
14,1993,F,4,0
14,1993,M,99,0
14,1994,F,3,0
14,1994,M,154,0
14,1995,F,7,0
14,1995,M,164,0
14,1996,F,9,0
14,1996,M,162,0
14,1997,F,9,0
14,1997,M,120,0
14,1998,F,6,0
14,1998,M,107,0
14,1999,F,8,0
14,1999,M,114,0
14,2000,F,8,0
14,2000,M,130,0
14,2001,F,6,0
14,2001,M,153,0
14,2002,F,9,0
14,2002,M,124,0
14,2003,F,9,0
14,2003,M,173,0
14,2004,F,12,0
14,2004,M,134,0
14,2005,F,2,0
14,2005,M,100,0
14,2006,F,9,0
14,2006,M,129,0
14,2007,F,6,0
14,2007,M,131,0
14,2008,F,15,0
14,2008,M,123,0
14,2009,F,7,0
14,2009,M,180,0
14,2010,F,6,0
14,2010,M,155,0
14,2011,F,11,0
14,2011,M,160,0
14,2012,F,7,0
14,2012,M,175,0
14,2013,F,9,0
14,2013,M,199,0
14,2014,F,11,0
14,2014,M,177,0
14,2015,F,9,0
14,2015,M,149,0
14,2016,F,6,0
14,2016,M,128,0
14,2017,F,10,0
14,2017,M,107,0
14,2018,F,7,0
14,2018,M,104,0
14,2019,F,84,1
14,2019,M,1470,1
14,2020,F,112,1
14,2020,M,1442,1
14,2021,F,42,1
14,2021,M,1568,1
15,1993,F,3,0
15,1993,M,85,0
15,1994,F,6,0
15,1994,M,119,0
15,1995,F,5,0
15,1995,M,142,0
15,1996,F,9,0
15,1996,M,116,0
15,1997,F,2,0
15,1997,M,91,0
15,1998,F,4,0
15,1998,M,117,0
15,1999,F,15,0
15,1999,M,129,0
15,2000,F,3,0
15,2000,M,131,0
15,2001,F,5,0
15,2001,M,173,0
15,2002,F,6,0
15,2002,M,146,0
15,2003,F,10,0
15,2003,M,152,0
15,2004,F,7,0
15,2004,M,168,0
15,2005,F,8,0
15,2005,M,102,0
15,2006,F,5,0
15,2006,M,117,0
15,2007,F,10,0
15,2007,M,111,0
15,2008,F,11,0
15,2008,M,125,0
15,2009,F,10,0
15,2009,M,161,0
15,2010,F,9,0
15,2010,M,158,0
15,2011,F,8,0
15,2011,M,181,0
15,2012,F,10,0
15,2012,M,157,0
15,2013,F,10,0
15,2013,M,189,0
15,2014,F,8,0
15,2014,M,134,0
15,2015,F,13,0
15,2015,M,146,0
15,2016,F,8,0
15,2016,M,146,0
15,2017,F,13,0
15,2017,M,135,0
15,2018,F,5,0
15,2018,M,134,0
15,2019,F,120,1
15,2019,M,1950,1
15,2020,F,30,1
15,2020,M,1665,1
15,2021,F,120,1
15,2021,M,1920,1
16,1993,F,6,0
16,1993,M,73,0
16,1994,F,4,0
16,1994,M,91,0
16,1995,F,5,0
16,1995,M,111,0
16,1996,F,5,0
16,1996,M,65,0
16,1997,F,2,0
16,1997,M,59,0
16,1998,F,2,0
16,1998,M,64,0
16,1999,F,5,0
16,1999,M,69,0
16,2000,F,6,0
16,2000,M,63,0
16,2001,F,7,0
16,2001,M,79,0
16,2002,F,4,0
16,2002,M,77,0
16,2003,F,7,0
16,2003,M,82,0
16,2004,F,10,0
16,2004,M,128,0
16,2005,F,4,0
16,2005,M,54,0
16,2006,F,3,0
16,2006,M,58,0
16,2007,F,4,0
16,2007,M,86,0
16,2008,F,2,0
16,2008,M,83,0
16,2009,F,2,0
16,2009,M,76,0
16,2010,F,3,0
16,2010,M,69,0
16,2011,F,7,0
16,2011,M,98,0
16,2012,F,3,0
16,2012,M,99,0
16,2013,F,5,0
16,2013,M,94,0
16,2014,F,1,0
16,2014,M,88,0
16,2015,F,3,0
16,2015,M,46,0
16,2016,F,3,0
16,2016,M,43,0
16,2017,F,5,0
16,2017,M,46,0
16,2018,F,4,0
16,2018,M,41,0
16,2019,F,48,1
16,2019,M,704,1
16,2020,F,64,1
16,2020,M,576,1
16,2021,F,,1
16,2021,M,800,1
17,1993,F,3,0
17,1993,M,39,0
17,1994,F,6,0
17,1994,M,29,0
17,1995,F,2,0
17,1995,M,29,0
17,1996,F,4,0
17,1996,M,30,0
17,1997,F,4,0
17,1997,M,39,0
17,1998,F,1,0
17,1998,M,32,0
17,1999,F,6,0
17,1999,M,41,0
17,2000,F,2,0
17,2000,M,54,0
17,2001,F,2,0
17,2001,M,58,0
17,2002,F,5,0
17,2002,M,45,0
17,2003,F,2,0
17,2003,M,28,0
17,2004,F,5,0
17,2004,M,45,0
17,2005,F,3,0
17,2005,M,34,0
17,2006,F,5,0
17,2006,M,25,0
17,2007,F,3,0
17,2007,M,31,0
17,2008,F,4,0
17,2008,M,20,0
17,2009,F,3,0
17,2009,M,37,0
17,2010,F,5,0
17,2010,M,36,0
17,2011,F,2,0
17,2011,M,54,0
17,2012,F,4,0
17,2012,M,51,0
17,2013,F,3,0
17,2013,M,43,0
17,2014,F,4,0
17,2014,M,20,0
17,2015,F,3,0
17,2015,M,30,0
17,2016,F,5,0
17,2016,M,27,0
17,2017,F,3,0
17,2017,M,27,0
17,2018,F,2,0
17,2018,M,26,0
17,2019,F,17,1
17,2019,M,459,1
17,2020,F,68,1
17,2020,M,476,1
17,2021,F,68,1
17,2021,M,408,1
18,1993,F,3,0
18,1993,M,43,0
18,1994,F,7,0
18,1994,M,71,0
18,1995,F,8,0
18,1995,M,89,0
18,1996,F,3,0
18,1996,M,75,0
18,1997,F,7,0
18,1997,M,42,0
18,1998,F,5,0
18,1998,M,68,0
18,1999,F,4,0
18,1999,M,42,0
18,2000,F,6,0
18,2000,M,71,0
18,2001,F,6,0
18,2001,M,54,0
18,2002,F,4,0
18,2002,M,76,0
18,2003,F,3,0
18,2003,M,55,0
18,2004,F,2,0
18,2004,M,49,0
18,2005,F,3,0
18,2005,M,47,0
18,2006,F,6,0
18,2006,M,66,0
18,2007,F,4,0
18,2007,M,47,0
18,2008,F,1,0
18,2008,M,62,0
18,2009,F,4,0
18,2009,M,47,0
18,2010,F,5,0
18,2010,M,72,0
18,2011,F,8,0
18,2011,M,72,0
18,2012,F,2,0
18,2012,M,88,0
18,2013,F,4,0
18,2013,M,68,0
18,2014,F,1,0
18,2014,M,59,0
18,2015,F,8,0
18,2015,M,52,0
18,2016,F,3,0
18,2016,M,45,0
18,2017,F,4,0
18,2017,M,54,0
18,2018,F,4,0
18,2018,M,59,0
18,2019,F,54,1
18,2019,M,1350,1
18,2020,F,36,1
18,2020,M,1062,1
18,2021,F,18,1
18,2021,M,1602,1
19,1993,F,3,0
19,1993,M,86,0
19,1994,F,9,0
19,1994,M,85,0
19,1995,F,7,0
19,1995,M,72,0
19,1996,F,12,0
19,1996,M,88,0
19,1997,F,6,0
19,1997,M,77,0
19,1998,F,6,0
19,1998,M,51,0
19,1999,F,11,0
19,1999,M,71,0
19,2000,F,4,0
19,2000,M,66,0
19,2001,F,10,0
19,2001,M,65,0
19,2002,F,2,0
19,2002,M,46,0
19,2003,F,4,0
19,2003,M,48,0
19,2004,F,6,0
19,2004,M,60,0
19,2005,F,11,0
19,2005,M,49,0
19,2006,F,6,0
19,2006,M,37,0
19,2007,F,7,0
19,2007,M,39,0
19,2008,F,3,0
19,2008,M,48,0
19,2009,F,10,0
19,2009,M,42,0
19,2010,F,3,0
19,2010,M,37,0
19,2011,F,7,0
19,2011,M,52,0
19,2012,F,3,0
19,2012,M,36,0
19,2013,F,3,0
19,2013,M,27,0
19,2014,F,5,0
19,2014,M,35,0
19,2015,F,1,0
19,2015,M,26,0
19,2016,F,2,0
19,2016,M,18,0
19,2017,F,3,0
19,2017,M,23,0
19,2018,F,3,0
19,2018,M,31,0
19,2019,F,19,1
19,2019,M,551,1
19,2020,F,76,1
19,2020,M,475,1
19,2021,F,38,1
19,2021,M,551,1
20,1993,F,8,0
20,1993,M,81,0
20,1994,F,11,0
20,1994,M,162,0
20,1995,F,7,0
20,1995,M,107,0
20,1996,F,7,0
20,1996,M,109,0
20,1997,F,6,0
20,1997,M,98,0
20,1998,F,3,0
20,1998,M,85,0
20,1999,F,5,0
20,1999,M,130,0
20,2000,F,3,0
20,2000,M,143,0
20,2001,F,10,0
20,2001,M,139,0
20,2002,F,7,0
20,2002,M,114,0
20,2003,F,9,0
20,2003,M,135,0
20,2004,F,4,0
20,2004,M,113,0
20,2005,F,4,0
20,2005,M,86,0
20,2006,F,1,0
20,2006,M,63,0
20,2007,F,5,0
20,2007,M,58,0
20,2008,F,5,0
20,2008,M,75,0
20,2009,F,4,0
20,2009,M,91,0
20,2010,F,2,0
20,2010,M,86,0
20,2011,F,5,0
20,2011,M,111,0
20,2012,F,3,0
20,2012,M,105,0
20,2013,F,7,0
20,2013,M,122,0
20,2014,F,6,0
20,2014,M,118,0
20,2015,F,4,0
20,2015,M,114,0
20,2016,F,4,0
20,2016,M,81,0
20,2017,F,4,0
20,2017,M,93,0
20,2018,F,1,0
20,2018,M,76,0
20,2019,F,40,1
20,2019,M,1120,1
20,2020,F,80,1
20,2020,M,1000,1
20,2021,F,40,1
20,2021,M,1800,1
21,1993,F,,0
21,1993,M,,0
21,1994,F,,0
21,1994,M,,0
21,1995,F,,0
21,1995,M,,0
21,1996,F,,0
21,1996,M,,0
21,1997,F,1,0
21,1997,M,14,0
21,1998,F,1,0
21,1998,M,10,0
21,1999,F,1,0
21,1999,M,18,0
21,2000,F,,0
21,2000,M,29,0
21,2001,F,3,0
21,2001,M,41,0
21,2002,F,4,0
21,2002,M,49,0
21,2003,F,4,0
21,2003,M,75,0
21,2004,F,1,0
21,2004,M,61,0
21,2005,F,3,0
21,2005,M,60,0
21,2006,F,4,0
21,2006,M,67,0
21,2007,F,2,0
21,2007,M,62,0
21,2008,F,4,0
21,2008,M,68,0
21,2009,F,4,0
21,2009,M,83,0
21,2010,F,12,0
21,2010,M,118,0
21,2011,F,3,0
21,2011,M,90,0
21,2012,F,11,0
21,2012,M,111,0
21,2013,F,4,0
21,2013,M,122,0
21,2014,F,9,0
21,2014,M,118,0
21,2015,F,7,0
21,2015,M,101,0
21,2016,F,8,0
21,2016,M,102,0
21,2017,F,6,0
21,2017,M,93,0
21,2018,F,6,0
21,2018,M,78,0
21,2019,F,168,1
21,2019,M,1680,1
21,2020,F,210,1
21,2020,M,1449,1
21,2021,F,63,1
21,2021,M,1722,1
22,1993,F,,0
22,1993,M,2,0
22,1994,F,,0
22,1994,M,3,0
22,1995,F,1,0
22,1995,M,14,0
22,1996,F,,0
22,1996,M,8,0
22,1997,F,,0
22,1997,M,4,0
22,1998,F,,0
22,1998,M,8,0
22,1999,F,,0
22,1999,M,7,0
22,2000,F,1,0
22,2000,M,1,0
22,2001,F,,0
22,2001,M,1,0
22,2002,F,2,0
22,2002,M,13,0
22,2003,F,,0
22,2003,M,7,0
22,2004,F,1,0
22,2004,M,5,0
22,2005,F,,0
22,2005,M,8,0
22,2006,F,,0
22,2006,M,14,0
22,2007,F,3,0
22,2007,M,10,0
22,2008,F,1,0
22,2008,M,4,0
22,2009,F,1,0
22,2009,M,12,0
22,2010,F,2,0
22,2010,M,9,0
22,2011,F,,0
22,2011,M,5,0
22,2012,F,,0
22,2012,M,12,0
22,2013,F,1,0
22,2013,M,7,0
22,2014,F,2,0
22,2014,M,12,0
22,2015,F,,0
22,2015,M,4,0
22,2016,F,,0
22,2016,M,2,0
22,2017,F,1,0
22,2017,M,3,0
22,2018,F,,0
22,2018,M,2,0
22,2019,F,22,1
22,2019,M,154,1
22,2020,F,,1
22,2020,M,66,1
22,2021,F,,1
22,2021,M,66,1
Rural,1993,F,10,0
Rural,1993,M,74,0
Rural,1994,F,8,0
Rural,1994,M,86,0
Rural,1995,F,9,0
Rural,1995,M,84,0
Rural,1996,F,4,0
Rural,1996,M,83,0
Rural,1997,F,4,0
Rural,1997,M,63,0
Rural,1998,F,5,0
Rural,1998,M,82,0
Rural,1999,F,6,0
Rural,1999,M,71,0
Rural,2000,F,4,0
Rural,2000,M,65,0
Rural,2001,F,5,0
Rural,2001,M,69,0
Rural,2002,F,2,0
Rural,2002,M,79,0
Rural,2003,F,3,0
Rural,2003,M,43,0
Rural,2004,F,8,0
Rural,2004,M,30,0
Rural,2005,F,1,0
Rural,2005,M,41,0
Rural,2006,F,4,0
Rural,2006,M,34,0
Rural,2007,F,6,0
Rural,2007,M,39,0
Rural,2008,F,4,0
Rural,2008,M,30,0
Rural,2009,F,4,0
Rural,2009,M,36,0
Rural,2010,F,1,0
Rural,2010,M,32,0
Rural,2011,F,2,0
Rural,2011,M,38,0
Rural,2012,F,1,0
Rural,2012,M,32,0
Rural,2013,F,7,0
Rural,2013,M,34,0
Rural,2014,F,1,0
Rural,2014,M,39,0
Rural,2015,F,3,0
Rural,2015,M,31,0
Rural,2016,F,3,0
Rural,2016,M,31,0
Rural,2017,F,2,0
Rural,2017,M,32,0
Rural,2018,F,2,0
Rural,2018,M,26,0
Rural,2019,F,118,1
Rural,2019,M,1327,1
Rural,2020,F,118,1
Rural,2020,M,1915,1
Rural,2021,F,220,1
Rural,2021,M,1551,1
Sin Dato,1993,F,3,0
Sin Dato,1993,M,37,0
Sin Dato,1994,F,3,0
Sin Dato,1994,M,21,0
Sin Dato,1995,F,0,0
Sin Dato,1995,M,29,0
Sin Dato,1996,F,1,0
Sin Dato,1996,M,15,0
Sin Dato,1997,F,2,0
Sin Dato,1997,M,13,0
Sin Dato,1998,F,1,0
Sin Dato,1998,M,13,0
Sin Dato,1999,F,1,0
Sin Dato,1999,M,12,0
Sin Dato,2000,F,1,0
Sin Dato,2000,M,24,0
Sin Dato,2001,F,1,0
Sin Dato,2001,M,34,0
Sin Dato,2002,F,2,0
Sin Dato,2002,M,36,0
Sin Dato,2003,F,3,0
Sin Dato,2003,M,22,0
Sin Dato,2004,F,0,0
Sin Dato,2004,M,5,0
Sin Dato,2005,F,1,0
Sin Dato,2005,M,28,0
Sin Dato,2006,F,1,0
Sin Dato,2006,M,7,0
Sin Dato,2007,F,1,0
Sin Dato,2007,M,4,0
Sin Dato,2008,F,1,0
Sin Dato,2008,M,3,0
Sin Dato,2009,F,0,0
Sin Dato,2009,M,7,0
Sin Dato,2010,F,0,0
Sin Dato,2010,M,7,0
Sin Dato,2011,F,1,0
Sin Dato,2011,M,23,0
Sin Dato,2012,F,0,0
Sin Dato,2012,M,15,0
Sin Dato,2013,F,1,0
Sin Dato,2013,M,12,0
Sin Dato,2014,F,0,0
Sin Dato,2014,M,3,0
Sin Dato,2015,F,0,0
Sin Dato,2015,M,1,0
Sin Dato,2016,F,0,0
Sin Dato,2016,M,0,0
Sin Dato,2017,F,0,0
Sin Dato,2017,M,0,0
Sin Dato,2018,F,0,0
Sin Dato,2018,M,1,0
Sin Dato,2019,F,0,1
Sin Dato,2019,M,0,1
Sin Dato,2020,F,0,1
Sin Dato,2020,M,0,1
Sin Dato,2021,F,0,1
Sin Dato,2021,M,0,1
